<?xml version="1.0" encoding="UTF-8"?>
<project-private xmlns="http://www.netbeans.org/ns/project-private/1">
    <editor-bookmarks xmlns="http://www.netbeans.org/ns/editor-bookmarks/2" lastBookmarkId="0"/>
    <open-files xmlns="http://www.netbeans.org/ns/projectui-open-files/2">
        <group>
            <file>file:/C:/xampp/htdocs/soundportal/source/admin.php</file>
            <file>file:/C:/xampp/htdocs/soundportal/source/elements/element_upload.php</file>
            <file>file:/C:/xampp/htdocs/soundportal/source/config-dzspgb.php</file>
            <file>file:/C:/xampp/htdocs/soundportal/source/config.php</file>
            <file>file:/C:/xampp/htdocs/soundportal/source/pagebuilder/class-dzspgb.php</file>
            <file>file:/C:/xampp/htdocs/soundportal/source/elements/element_divider.php</file>
            <file>file:/C:/xampp/htdocs/soundportal/source/elements/element_messages.php</file>
            <file>file:/C:/xampp/htdocs/soundportal/source/elements/element_user.php</file>
            <file>file:/C:/xampp/htdocs/soundportal/source/index.php</file>
            <file>file:/C:/xampp/htdocs/soundportal/source/elements/element_messages_friends.php</file>
            <file>file:/C:/xampp/htdocs/soundportal/source/elements/element_query.php</file>
            <file>file:/C:/xampp/htdocs/soundportal/source/elements/element_header.php</file>
            <file>file:/C:/xampp/htdocs/soundportal/source/class-portal.php</file>
        </group>
    </open-files>
</project-private>
